area,subarea,conference
ai,ai,aaai
ai,nlp,acl
systems,engineering,ase
systems,architechture,asplos
theory,verification,cav
systems,security,ccs
interdisciplinary,hci,chiconf
theory,cryptography,crypto
ai,vision,cvpr
systems,design,dac
interdisciplinary,economics,ec
ai,vision,eccv
ai,nlp,emnlp
systems,embedded,emsoft
theory,cryptography,eurocrypt
systems,os,eurosys
systems,os,fast
theory,complexity,focs
systems,engineering,fse
systems,architechture,hpca
systems,high-performance,hpdc
systems,design,iccad
ai,vision,iccv
systems,db,icde
systems,pl,icfp
ml,ml,icml
interdisciplinary,robotics,icra
systems,high-performance,ics
systems,engineering,icse
ai,ai,ijcai
systems,performance,imc
interdisciplinary,robotics,iros
systems,architechture,isca
interdisciplinary,bioinformatics,ismb
systems,engineering,issta
ai,ml,kdd
theory,verification,lics
systems,architechture,micro
systems,mobile-computing,mobicom
systems,mobile-computing,mobisys
ai,nlp,naacl
systems,security,ndss
ai,ml,nips
systems,networks,nsdi
systems,security,oakland
systems,pl,oopsla
systems,os,osdi
systems,pl,pldi
systems,db,pods
systems,pl,popl
interdisciplinary,bioinformatics,recomb
interdisciplinary,robotics,rss
systems,embedded,rtss
systems,high-performance,sc
systems,mobile-computing,sensys
systems,networks,sigcomm
interdisciplinary,graphics,siggraph
interdisciplinary,graphics,siggraph-asia
ai,ir,sigir
systems,performance,sigmetrics
systems,db,sigmod
theory,complexity,soda
systems,os,sosp
theory,complexity,stoc
interdisciplinary,hci,ubicomp
interdisciplinary,hci,uist
systems,os,usenixatc
systems,security,usenixsec
interdisciplinary,visualization,vis
systems,db,vldb
interdisciplinary,visualization,vr
interdisciplinary,economics,wine
ai,ir,www
other,other,pets
other,other,rtas
